day_type,transaction_count,total_amount_vnd,avg_amount_vnd,unique_days,avg_transactions_per_day
Weekday,4846,8432814158,1740159.7519603798,2857,1.696184809240462
Weekend,1987,3392490380,1707342.9189733267,1158,1.7158894645941278
