day_type,transaction_count,total_amount_vnd,avg_amount_vnd,unique_days,avg_transactions_per_day
Weekday,2553,4562714666,1787197.2839796317,1497,1.7054108216432866
Weekend,1018,1833280881,1800865.3055009823,593,1.7166947723440136
