day_type,transaction_count,total_amount_vnd,avg_amount_vnd,unique_days,avg_transactions_per_day
Weekday,4430,7703204740,1738872.401805869,2727,1.6244957829116244
Weekend,1826,3162700744,1732037.647316539,1110,1.6450450450450451
