day_type,transaction_count,total_amount_vnd,avg_amount_vnd,unique_days,avg_transactions_per_day
Weekday,864,1.583365256E9,1832598.6759259258,470,1.8382978723404255
Weekend,355,6.51221349E8,1834426.3352112677,191,1.8586387434554974
