merchant_city,merchant_state,transaction_count,total_amount_vnd,avg_amount_vnd
La Verne,CA,63,134753048,2138937.26984127
Monterey Park,CA,17,35584101,2093182.4117647058
Mira Loma,CA,12,24274274,2022856.1666666667
ONLINE,,3,8578266,2859422.0
Diamond Bar,CA,1,2141173,2141173.0
