merchant_city,merchant_state,transaction_count,total_amount_vnd,avg_amount_vnd
La Verne,CA,36,61953434,1720928.7222222222
San Antonio,TX,8,18175573,2271946.625
Monterey Park,CA,7,9063178,1294739.7142857143
New York,NY,3,4186953,1395651.0
Mira Loma,CA,1,4049309,4049309.0
Aransas Pass,TX,1,3241606,3241606.0
ONLINE,,4,2641553,660388.25
Merced,CA,2,2029655,1014827.5
